id_pedido;data_pedido;id_produto;quantidade;vendedor;valor_total
1;2026-04-02;P02;3;Paula;269,7
2;2026-04-02;P06;2;Ricardo;399,8
3;2026-04-03;P01;1;Sandra;3899,9
4;2026-04-03;P08;1;Paula;1299,0
5;2026-04-04;P05;2;Ricardo;4398,0
6;2026-04-06;P03;1;Sandra;349,9
7;2026-04-06;P02;5;Paula;449,5
8;2026-04-07;P07;1;Ricardo;2799,0
9;2026-04-08;P04;2;Sandra;1798,0
10;2026-04-09;P06;4;Paula;799,6
11;2026-04-10;P09;1;Ricardo;749,9
12;2026-04-13;P01;2;Sandra;7799,8
13;2026-04-14;P05;1;Paula;2199,0
14;2026-04-15;P11;2;Ricardo;
15;2026-04-16;P03;2;Sandra;699,8
16;2026-04-17;P08;2;Paula;2598,0
17;2026-04-20;P02;1;Ricardo;89,9
18;2026-04-21;P07;1;Sandra;2799,0
19;2026-04-22;P04;1;Paula;899,0
20;2026-04-23;P06;3;Ricardo;599,7
21;2026-04-24;P05;1;Sandra;2199,0
22;2026-04-27;P09;2;Paula;1499,8
23;2026-04-28;P01;1;Ricardo;3899,9
24;2026-04-29;P03;3;Sandra;1049,7
25;2026-04-30;P08;1;Ricardo;1299,0
26;2026-05-04;P02;2;Sandra;179,8
27;2026-05-05;P06;1;Paula;199,9
28;2026-05-06;P07;2;Ricardo;5598,0
29;2026-05-07;P04;1;Sandra;899,0
30;2026-05-08;P05;1;Paula;2199,0
