id_consulta;data_consulta;paciente;nutricionista;horario;tipo_consulta;status;peso_kg;altura_m;valor
1;02/03/2026;Mariana Figueiredo;Dra. Luiza Martins;08:00 - 08:50;Primeira consulta;Realizada;68,4;1,65;250,00
2;02/03/2026;Roberto Carlos Silva;Dra. Luiza Martins;09:00 - 09:30;Retorno;Realizada;92,1;1,78;150,00
3;02/03/2026;  helena duarte ;Dr. André Tavares;08:30-09:20;Primeira consulta;Realizada;74,0;1,60;250,00
4;02/03/2026;Gustavo Henrique Prado;Dr. André Tavares;10:00 - 10:30;retorno;Faltou;;;0,00
5;03/03/2026;Sofia Rezende;Dra. Luiza Martins;14h00 - 14h50;Primeira consulta;Realizada;55,8;1,58;250,00
6;03/03/2026;Eduardo Ramos;Dra. Camila Nogueira;15:00 - 15:40;Avaliação esportiva;Realizada;81,3;1,82;300,00
7;03/03/2026;Patrícia Albuquerque;Dra. Camila Nogueira;16:00 - 16:30;RETORNO;Realizada;63,7;1,67;150,00
8;04/03/2026;MARIANA FIGUEIREDO;Dra. Luiza Martins;08:00 - 08:30;Retorno;Cancelada;;;0,00
9;04/03/2026;Leonardo Batista;Dr. André Tavares;9:00-9:50;Primeira consulta;Realizada;101,5;1,75;250,00
10;04/03/2026;Isabela Monteiro;Dra. Camila Nogueira;10:30 - 11:20;Avaliação esportiva;Realizada;58,2;1,63;300,00
11;05/03/2026;Roberto Carlos Silva;Dra. Luiza Martins;13h30 - 14h00;Retorno;Realizada;91,4;1,78;150,00
12;05/03/2026;Carolina Freitas;Dr. André Tavares;14:00 - 14:50;Primeira consulta;Realizada;70,9;1,70;250,00
13;05/03/2026;Daniel Machado;Dra. Camila Nogueira;15:30 - 16:20;avaliação esportiva;Realizada;77,6;1,80;300,00
14;06/03/2026;Helena Duarte;Dr. André Tavares;08:30 - 09:00;Retorno;Realizada;73,2;1,60;150,00
15;06/03/2026;Vanessa Cordeiro;Dra. Luiza Martins;09:00 - 09:50;Primeira consulta;Realizada;84,0;1,62;250,00
15;06/03/2026;Vanessa Cordeiro;Dra. Luiza Martins;09:00 - 09:50;Primeira consulta;Realizada;84,0;1,62;250,00
16;06/03/2026;Ricardo Pacheco;Dra. Camila Nogueira;11:00 - 11:40;Avaliação esportiva;Faltou;;;0,00
17;09/03/2026;Sofia Rezende;Dra. Luiza Martins;14h00 - 14h30;Retorno;Realizada;55,1;1,58;150,00
18;09/03/2026;Eduardo Ramos;Dra. Camila Nogueira;15:00 - 15:30;Retorno;Realizada;80,5;1,82;150,00
19;09/03/2026;Fábio Lacerda;Dr. André Tavares;16:00 - 16:50;Primeira consulta;Realizada;88,8;1,73;250,00
20;10/03/2026;Leonardo Batista;Dr. André Tavares;9:00-9:30;Retorno;Realizada;99,7;1,75;150,00
21;10/03/2026;Isabela Monteiro;Dra. Camila Nogueira;10:30 - 11:00;Retorno;Realizada;57,9;1,63;150,00
22;10/03/2026;Amanda Sampaio;Dra. Luiza Martins;13:00 - 13:50;Primeira consulta;Realizada;66,3;1,68;250,00
23;11/03/2026;Carolina Freitas;Dr. André Tavares;14:00 - 14:30;retorno;Realizada;70,1;1,70;150,00
24;11/03/2026;Daniel Machado;Dra. Camila Nogueira;15:30 - 16:00;Retorno;Cancelada;;;0,00
25;12/03/2026;Patrícia Albuquerque;Dra. Camila Nogueira;16:00 - 16:30;Retorno;Realizada;63,0;1,67;150,00
26;13/03/2026;Carolina Freitas;Dr. André Tavares;11:30 - 12:00;Retorno;Realizada;69,6;1,70;150,00
27;13/03/2026;Leonardo Batista;Dr. André Tavares;14:00 - 14:30;Retorno;Realizada;99,6;1,75;150,00
28;13/03/2026;Isabela Monteiro;Dra. Camila Nogueira;13h00 - 13h50;Avaliação esportiva;Faltou;;;0,00
29;16/03/2026;  Carolina Freitas ;Dr. André Tavares;15h00 - 15h30;Retorno;Cancelada;;;0,00
30;16/03/2026;Eduardo Ramos;Dra. Camila Nogueira;10h30 - 11h00;Retorno;Cancelada;;;0,00
31;16/03/2026;  Isabela Monteiro ;Dra. Camila Nogueira;16:00 - 16:30;Retorno;Realizada;56,6;1,63;150,00
32;16/03/2026;Vanessa Cordeiro;Dra. Luiza Martins;09:00 - 09:30;Retorno;Realizada;83,9;1,62;150,00
33;16/03/2026;  Juliana Paiva ;Dra. Luiza Martins;10:30 - 11:20;Primeira consulta;Realizada;78,4;1,64;250,00
34;17/03/2026;Ricardo Pacheco;Dra. Camila Nogueira;11:30 - 12:20;Avaliação esportiva;Realizada;93,6;1,79;300,00
35;18/03/2026;Gustavo Henrique Prado;Dr. André Tavares;13:00 - 13:50;Primeira consulta;Realizada;73,7;1,66;250,00
36;18/03/2026;Roberto Carlos Silva;Dra. Luiza Martins;11:30 - 12:00;Retorno;Realizada;91,5;1,78;150,00
37;19/03/2026;Patrícia Albuquerque;Dra. Camila Nogueira;11h30 - 12h00;retorno;Realizada;61,9;1,67;150,00
38;19/03/2026;Eduardo Ramos;Dra. Camila Nogueira;14h00 - 14h30;retorno;Realizada;79,9;1,82;150,00
39;20/03/2026;Helena Duarte;Dr. André Tavares;16:00 - 16:30;Retorno;Realizada;73,1;1,60;150,00
40;20/03/2026;EDUARDO RAMOS;Dra. Camila Nogueira;10:30 - 11:00;Retorno;Realizada;79,1;1,82;150,00
41;20/03/2026;Juliana Paiva;Dra. Luiza Martins;10:30 - 11:00;Retorno;Realizada;77,3;1,64;150,00
42;20/03/2026;Vanessa Cordeiro;Dra. Luiza Martins;11:30 - 12:00;Retorno;Realizada;83,8;1,62;150,00
43;23/03/2026;Leonardo Batista;Dr. André Tavares;11h30 - 12h00;Retorno;Realizada;98,4;1,75;150,00
44;23/03/2026;Eduardo Ramos;Dra. Camila Nogueira;08:00 - 08:30;Retorno;Realizada;78,6;1,82;150,00
45;23/03/2026;Amanda Sampaio;Dra. Luiza Martins;11:30 - 12:00;Retorno;Realizada;65,2;1,68;150,00
46;24/03/2026;Gustavo Henrique Prado;Dr. André Tavares;08:00 - 08:30;Retorno;Realizada;72,5;1,66;150,00
47;24/03/2026;Eduardo Ramos;Dra. Camila Nogueira;10:30 - 11:20;Avaliação esportiva;Realizada;78,6;1,82;300,00
48;24/03/2026;Vanessa Cordeiro;Dra. Luiza Martins;15:00 - 15:30;Retorno;Realizada;83,9;1,62;150,00
49;24/03/2026;Roberto Carlos Silva;Dra. Luiza Martins;16:00 - 16:30;Retorno;Realizada;91,6;1,78;150,00
50;25/03/2026;Helena Duarte;Dr. André Tavares;08h00 - 08h30;retorno;Realizada;72,1;1,60;150,00
51;25/03/2026;Leonardo Batista;Dr. André Tavares;13:00 - 13:30;Retorno;Realizada;97,7;1,75;150,00
52;25/03/2026;Isabela Monteiro;Dra. Camila Nogueira;09:00 - 09:30;Retorno;Realizada;55,8;1,63;150,00
53;26/03/2026;Fábio Lacerda;Dr. André Tavares;09:00 - 09:30;Retorno;Realizada;89,1;1,73;150,00
54;26/03/2026;Carolina Freitas;Dr. André Tavares;16h00 - 16h30;retorno;Faltou;;;0,00
55;26/03/2026;Juliana Paiva;Dra. Luiza Martins;09:00 - 09:30;Retorno;Realizada;77,4;1,64;150,00
56;26/03/2026;Vanessa Cordeiro;Dra. Luiza Martins;14:00 - 14:30;Retorno;Realizada;83,1;1,62;150,00
57;27/03/2026;Helena Duarte;Dr. André Tavares;10h30 - 11h00;retorno;Faltou;;;0,00
58;27/03/2026;RICARDO PACHECO;Dra. Camila Nogueira;13:00 - 13:30;Retorno;Realizada;93,9;1,79;150,00
59;27/03/2026;Roberto Carlos Silva;Dra. Luiza Martins;11:30 - 12:00;Retorno;Realizada;91,5;1,78;150,00
60;30/03/2026;Carolina Freitas;Dr. André Tavares;15h00 - 15h30;Retorno;Realizada;69,2;1,70;150,00
61;30/03/2026;Daniel Machado;Dra. Camila Nogueira;09:00 - 09:30;Retorno;Realizada;76,9;1,80;150,00
62;30/03/2026;roberto carlos silva;Dra. Luiza Martins;10:30 - 11:00;RETORNO;Realizada;91,4;1,78;150,00
63;31/03/2026;Helena Duarte;Dr. André Tavares;11:30-12:00;Retorno;Realizada;71,0;1,60;150,00
64;01/04/2026;Fábio Lacerda;Dr. André Tavares;10:30-11:00;Retorno;Cancelada;;;0,00
65;01/04/2026;Marcelo Tavares Lins;Dr. André Tavares;14:00 - 14:50;Primeira consulta;Realizada;103,2;1,81;250,00
66;01/04/2026;  Bianca Moraes ;Dra. Camila Nogueira;13:00 - 13:50;Avaliação esportiva;Realizada;60,3;1,69;300,00
67;01/04/2026;Mariana Figueiredo;Dra. Luiza Martins;11:30 - 12:00;Retorno;Realizada;68,3;1,65;150,00
68;02/04/2026;Leonardo Batista;Dr. André Tavares;16:00 - 16:30;retorno;Realizada;97,2;1,75;150,00
68;02/04/2026;Leonardo Batista;Dr. André Tavares;16:00 - 16:30;retorno;Realizada;97,2;1,75;150,00
69;02/04/2026;Juliana Paiva;Dra. Luiza Martins;13:00 - 13:30;Retorno;Realizada;77,3;1,64;150,00
70;03/04/2026;ricardo pacheco;Dra. Camila Nogueira;10:30 - 11:20;Avaliação esportiva;Realizada;93,3;1,79;300,00
71;03/04/2026;Patrícia Albuquerque;Dra. Camila Nogueira;13:00 - 13:30;retorno;Faltou;;;0,00
72;06/04/2026;Vanessa Cordeiro;Dra. Luiza Martins;14:00-14:30;Retorno ;Realizada;83,5;1,62;150,00
73;07/04/2026;Paulo Roberto Dias;Dr. André Tavares;16h00 - 16h50;Primeira consulta;Realizada;95,0;1,72;250,00
74;07/04/2026;thiago rezende;Dra. Camila Nogueira;11:30-12:20;Avaliação esportiva;Realizada;83,3;1,77;300,00
75;08/04/2026;Carolina Freitas;Dr. André Tavares;09:00 - 09:30;Retorno;Realizada;68,9;1,70;150,00
76;08/04/2026;Fábio Lacerda;Dr. André Tavares;13:00 - 13:30;retorno;Realizada;88,3;1,73;150,00
77;08/04/2026;Ricardo Pacheco;Dra. Camila Nogueira;09:00 - 09:30;Retorno;Realizada;93,2;1,79;150,00
78;09/04/2026;Fábio Lacerda;Dr. André Tavares;11:30-12:00;Retorno;Realizada;87,9;1,73;150,00
79;09/04/2026;Gustavo Henrique Prado;Dr. André Tavares;13:00-13:30;Retorno;Faltou;;;0,00
80;09/04/2026;Vanessa Cordeiro;Dra. Luiza Martins;08:00 - 08:30;Retorno;Realizada;83,2;1,62;150,00
81;09/04/2026;Letícia Barros;Dra. Luiza Martins;16:00 - 16:50;primeira consulta;Cancelada;;;0,00
82;10/04/2026;Daniel Machado;Dra. Camila Nogueira;8:00-8:30;Retorno;Realizada;76,9;1,80;150,00
83;13/04/2026;FÁBIO LACERDA;Dr. André Tavares;08:00 - 08:30;RETORNO;Realizada;87,0;1,73;150,00
84;13/04/2026;Bianca Moraes;Dra. Camila Nogueira;13:00-13:30;Retorno;Realizada;59,9;1,69;150,00
85;15/04/2026;Ricardo Pacheco;Dra. Camila Nogueira;09h00 - 09h30;Retorno;Realizada;92,4;1,79;150,00
86;15/04/2026;Mariana Figueiredo;Dra. Luiza Martins;09:00 - 09:30;Retorno;Realizada;67,9;1,65;150,00
87;15/04/2026;Amanda Sampaio;Dra. Luiza Martins;11:30 - 12:00;Retorno;Realizada;64,0;1,68;150,00
88;16/04/2026;Paulo Roberto Dias;Dr. André Tavares;10:30 - 11:00;Retorno;Realizada;93,8;1,72;150,00
89;16/04/2026;Bianca Moraes;Dra. Camila Nogueira;15:00 - 15:30;retorno;Realizada;59,9;1,69;150,00
90;16/04/2026;Cláudia Menezes;Dra. Luiza Martins;11:30 - 12:20;Primeira consulta;Realizada;73,1;1,57;250,00
91;16/04/2026;Cláudia Menezes;Dra. Luiza Martins;15:00 - 15:30;Retorno;Realizada;72,0;1,57;150,00
92;17/04/2026;BIANCA MORAES;Dra. Camila Nogueira;10:30 - 11:00;Retorno;Realizada;60,0;1,69;150,00
93;17/04/2026;Patrícia Albuquerque;Dra. Camila Nogueira;14:00 - 14:30;Retorno;Realizada;60,7;1,67;150,00
94;20/04/2026;marcelo tavares lins;Dr. André Tavares;10:30 - 11:00;Retorno;Realizada;102,5;1,81;150,00
95;20/04/2026;Eduardo Ramos;Dra. Camila Nogueira;08h00 - 08h30;RETORNO;Realizada;78,2;1,82;150,00
96;20/04/2026;Ricardo Pacheco;Dra. Camila Nogueira;15:00 - 15:30;Retorno;Realizada;91,4;1,79;150,00
97;20/04/2026;Cláudia Menezes;Dra. Luiza Martins;15:00 - 15:30;Retorno;Faltou;;;0,00
98;21/04/2026;MARCELO TAVARES LINS;Dr. André Tavares;11:30 - 12:00;Retorno;Realizada;102,4;1,81;150,00
99;21/04/2026;Leonardo Batista;Dr. André Tavares;16:00 - 16:30;Retorno ;Realizada;97,4;1,75;150,00
100;21/04/2026;Cláudia Menezes;Dra. Luiza Martins;08h00 - 08h30;RETORNO;Cancelada;;;0,00
101;21/04/2026;Mariana Figueiredo;Dra. Luiza Martins;9:00-9:30;Retorno;Faltou;;;0,00
102;22/04/2026;Mariana Figueiredo;Dra. Luiza Martins;16:00 - 16:30;Retorno;Realizada;67,6;1,65;150,00
103;23/04/2026;  Mariana Figueiredo ;Dra. Luiza Martins;11:30 - 12:00;Retorno;Realizada;67,1;1,65;150,00
104;24/04/2026;Bianca Moraes;Dra. Camila Nogueira;11:30 - 12:00;Retorno;Realizada;58,7;1,69;150,00
104;24/04/2026;Bianca Moraes;Dra. Camila Nogueira;11:30 - 12:00;Retorno;Realizada;58,7;1,69;150,00
105;24/04/2026;BIANCA MORAES;Dra. Camila Nogueira;15:00 - 15:30;Retorno;Faltou;;;0,00
106;27/04/2026;fábio lacerda;Dr. André Tavares;11:30 - 12:00;Retorno;Faltou;;;0,00
107;27/04/2026;Fábio Lacerda;Dr. André Tavares;16:00 - 16:30;RETORNO;Realizada;86,5;1,73;150,00
108;27/04/2026;Cláudia Menezes;Dra. Luiza Martins;10:30 - 11:00;Retorno;Realizada;72,3;1,57;150,00
109;27/04/2026;letícia barros;Dra. Luiza Martins;14:00-14:50;primeira consulta;Realizada;58,7;1,61;250,00
110;28/04/2026;Gabriel Antunes;Dra. Camila Nogueira;15:00 - 15:50;Avaliação esportiva;Realizada;75,0;1,79;300,00
111;28/04/2026;Cláudia Menezes;Dra. Luiza Martins;15:00 - 15:30;Retorno;Realizada;71,4;1,57;150,00
112;29/04/2026;Daniel Machado;Dra. Camila Nogueira;16:00 - 16:30;retorno;Realizada;76,1;1,80;150,00
113;29/04/2026;Sofia Rezende;Dra. Luiza Martins;13:00 - 13:30;Retorno ;Realizada;54,1;1,58;150,00
114;29/04/2026;Letícia Barros;Dra. Luiza Martins;15h00 - 15h30;Retorno;Realizada;59,0;1,61;150,00
115;30/04/2026;Leonardo Batista;Dr. André Tavares;11:30 - 12:00;Retorno;Realizada;96,4;1,75;150,00
116;30/04/2026;paulo roberto dias;Dr. André Tavares;15h00 - 15h30;Retorno;Realizada;93,9;1,72;150,00
117;01/05/2026;Marcelo Tavares Lins;Dr. André Tavares;16:00 - 16:30;Retorno;Realizada;102,0;1,81;150,00
118;01/05/2026;Mariana Figueiredo;Dra. Luiza Martins;11h30 - 12h00;Retorno;Realizada;66,5;1,65;150,00
119;04/05/2026;PATRÍCIA ALBUQUERQUE;Dra. Camila Nogueira;08:00 - 08:30;retorno;Realizada;60,8;1,67;150,00
120;05/05/2026;Carolina Freitas;Dr. André Tavares;11:30 - 12:00;retorno;Cancelada;;;0,00
121;05/05/2026;Marcelo Tavares Lins;Dr. André Tavares;16:00 - 16:30;Retorno;Realizada;101,8;1,81;150,00
122;05/05/2026;daniel machado;Dra. Camila Nogueira;08:00 - 08:50;Avaliação esportiva;Realizada;76,3;1,80;300,00
123;05/05/2026;Letícia Barros;Dra. Luiza Martins;09h00 - 09h30;RETORNO;Realizada;58,3;1,61;150,00
124;05/05/2026;VANESSA CORDEIRO;Dra. Luiza Martins;14:00 - 14:30;Retorno;Realizada;83,3;1,62;150,00
125;06/05/2026;Paulo Roberto Dias;Dr. André Tavares;11:30 - 12:00;Retorno;Realizada;93,0;1,72;150,00
126;06/05/2026;Ricardo Pacheco;Dra. Camila Nogueira;14:00 - 14:50;Avaliação esportiva;Realizada;90,5;1,79;300,00
127;06/05/2026;Thiago Rezende;Dra. Camila Nogueira;15:00 - 15:50;Avaliação esportiva;Realizada;82,2;1,77;300,00
128;06/05/2026;Amanda Sampaio;Dra. Luiza Martins;14:00 - 14:30;Retorno;Realizada;64,1;1,68;150,00
129;07/05/2026;Rafael Cunha;Dra. Camila Nogueira;16:00 - 16:50;Avaliação esportiva;Realizada;88,5;1,84;300,00
130;08/05/2026;Marcelo Tavares Lins;Dr. André Tavares;15:00 - 15:30;Retorno;Realizada;100,8;1,81;150,00
131;08/05/2026;Carolina Freitas;Dr. André Tavares;16:00 - 16:30;Retorno;Realizada;67,7;1,70;150,00
132;08/05/2026;Eduardo Ramos;Dra. Camila Nogueira;15h00 - 15h30;retorno;Cancelada;;;0,00
133;08/05/2026;Sofia Rezende;Dra. Luiza Martins;11h30 - 12h00;RETORNO;Realizada;54,4;1,58;150,00
134;11/05/2026;Ricardo Pacheco;Dra. Camila Nogueira;15h00 - 15h30;Retorno;Realizada;89,8;1,79;150,00
135;12/05/2026;Carolina Freitas;Dr. André Tavares;15:00-15:30;Retorno;Realizada;67,8;1,70;150,00
136;12/05/2026;Ricardo Pacheco;Dra. Camila Nogueira;14h00 - 14h30;Retorno;Cancelada;;;0,00
137;12/05/2026;Letícia Barros;Dra. Luiza Martins;14:00 - 14:30;Retorno;Cancelada;;;0,00
138;12/05/2026;Letícia Barros;Dra. Luiza Martins;16:00 - 16:30;Retorno;Realizada;57,2;1,61;150,00
139;13/05/2026;gabriel antunes;Dra. Camila Nogueira;09:00 - 09:50;Avaliação esportiva;Faltou;;;0,00
140;13/05/2026;RAFAEL CUNHA;Dra. Camila Nogueira;10:30 - 11:00;Retorno;Faltou;;;0,00
141;14/05/2026;Helena Duarte;Dr. André Tavares;08:00 - 08:30;Retorno;Faltou;;;0,00
142;14/05/2026;Gustavo Henrique Prado;Dr. André Tavares;13:00 - 13:30;Retorno;Cancelada;;;0,00
143;14/05/2026;Eduardo Ramos;Dra. Camila Nogueira;08:00 - 08:50;Avaliação esportiva ;Realizada;77,1;1,82;300,00
144;14/05/2026;Thiago Rezende;Dra. Camila Nogueira;15:00 - 15:30;Retorno;Realizada;81,2;1,77;150,00
145;15/05/2026;  Leonardo Batista ;Dr. André Tavares;09:00 - 09:30;Retorno;Realizada;95,5;1,75;150,00
146;15/05/2026;Mariana Figueiredo;Dra. Luiza Martins;14:00 - 14:30;Retorno;Realizada;65,4;1,65;150,00
147;18/05/2026;BEATRIZ LACERDA;Dr. André Tavares;16:00 - 16:50;Primeira consulta;Realizada;70,1;1,66;250,00
148;18/05/2026;Mariana Figueiredo;Dra. Luiza Martins;15:00 - 15:30;Retorno;Faltou;;;0,00
149;19/05/2026;Eduardo Ramos;Dra. Camila Nogueira;13h00 - 13h30;Retorno;Realizada;77,1;1,82;150,00
150;19/05/2026;Sofia Rezende;Dra. Luiza Martins;15:00 - 15:30;retorno;Faltou;;;0,00
151;21/05/2026;RICARDO PACHECO;Dra. Camila Nogueira;14h00 - 14h30;Retorno;Realizada;89,0;1,79;150,00
152;21/05/2026;Cláudia Menezes;Dra. Luiza Martins;09:00 - 09:30;Retorno;Realizada;70,1;1,57;150,00
153;21/05/2026;Letícia Barros;Dra. Luiza Martins;10:30 - 11:00;Retorno;Faltou;;;0,00
154;22/05/2026;Fábio Lacerda;Dr. André Tavares;11:30 - 12:00;Retorno;Realizada;86,0;1,73;150,00
155;22/05/2026;Eduardo Ramos;Dra. Camila Nogueira;09:00 - 09:50;Avaliação esportiva;Realizada;77,2;1,82;300,00
156;25/05/2026;Helena Duarte;Dr. André Tavares;16:00 - 16:30;Retorno;Realizada;70,0;1,60;150,00
157;25/05/2026;Patrícia Albuquerque;Dra. Camila Nogueira;10:30 - 11:00;retorno;Faltou;;;0,00
158;25/05/2026;  Juliana Paiva ;Dra. Luiza Martins;15:00 - 15:30;Retorno;Realizada;76,1;1,64;150,00
159;26/05/2026;  Sérgio Pimentel ;Dr. André Tavares;09:00 - 09:50;Primeira consulta;Realizada;109,3;1,75;250,00
160;26/05/2026;Vitor Hugo Salles;Dra. Camila Nogueira;09h00 - 09h50;Avaliação esportiva;Realizada;92,2;1,86;300,00
161;26/05/2026;Rafael Cunha;Dra. Camila Nogueira;11:30 - 12:20;Avaliação esportiva ;Realizada;88,6;1,84;300,00
162;27/05/2026;  Fernanda Guedes ;Dr. André Tavares;13:00-13:50;Primeira consulta;Realizada;74,7;1,63;250,00
163;27/05/2026;Otávio Brandão;Dr. André Tavares;16:00 - 16:50;primeira consulta;Realizada;98,2;1,78;250,00
164;27/05/2026;vanessa cordeiro;Dra. Luiza Martins;08:00 - 08:30;Retorno;Realizada;82,8;1,62;150,00
165;27/05/2026;Aline Rocha Faria;Dra. Luiza Martins;14h00 - 14h50;Primeira consulta;Realizada;66,7;1,70;250,00
166;28/05/2026;Ricardo Pacheco;Dra. Camila Nogueira;08:00 - 08:30;RETORNO;Realizada;88,2;1,79;150,00
167;28/05/2026;Isabela Monteiro;Dra. Camila Nogueira;15:00 - 15:50;Avaliação esportiva;Realizada;55,4;1,63;300,00
168;28/05/2026;Mônica Queiroz;Dra. Luiza Martins;15:00 - 15:50;Primeira consulta;Faltou;;;0,00
169;29/05/2026;Gustavo Henrique Prado;Dr. André Tavares;10:30 - 11:00;Retorno;Faltou;;;0,00
170;29/05/2026;Eduardo Ramos;Dra. Camila Nogueira;14:00 - 14:50;Avaliação esportiva;Faltou;;;0,00
171;01/06/2026;juliana paiva;Dra. Luiza Martins;15:00 - 15:30;Retorno;Realizada;76,0;1,64;150,00
172;02/06/2026;Juliana Paiva;Dra. Luiza Martins;9:00-9:30;Retorno;Realizada;76,4;1,64;150,00
173;02/06/2026;Mônica Queiroz;Dra. Luiza Martins;16:00 - 16:50;Primeira consulta;Realizada;81,5;1,59;250,00
174;03/06/2026;Otávio Brandão;Dr. André Tavares;9:00-9:30;Retorno;Realizada;97,3;1,78;150,00
175;03/06/2026;Fernanda Guedes;Dr. André Tavares;15:00 - 15:30;Retorno;Realizada;74,1;1,63;150,00
176;03/06/2026;Vitor Hugo Salles;Dra. Camila Nogueira;09:00 - 09:30;Retorno;Realizada;92,0;1,86;150,00
176;03/06/2026;Vitor Hugo Salles;Dra. Camila Nogueira;09:00 - 09:30;Retorno;Realizada;92,0;1,86;150,00
177;05/06/2026;Paulo Roberto Dias;Dr. André Tavares;10:30 - 11:00;Retorno;Realizada;92,7;1,72;150,00
178;05/06/2026;Patrícia Albuquerque;Dra. Camila Nogueira;09:00 - 09:30;Retorno;Realizada;59,7;1,67;150,00
179;08/06/2026;Fábio Lacerda;Dr. André Tavares;14:00-14:30;Retorno;Realizada;85,4;1,73;150,00
180;09/06/2026;Gustavo Henrique Prado;Dr. André Tavares;15:00-15:30;Retorno;Realizada;71,4;1,66;150,00
181;09/06/2026;Aline Rocha Faria;Dra. Luiza Martins;09:00 - 09:30;Retorno;Faltou;;;0,00
182;10/06/2026;PAULO ROBERTO DIAS;Dr. André Tavares;14:00 - 14:30;Retorno;Faltou;;;0,00
183;10/06/2026;Mônica Queiroz;Dra. Luiza Martins;9:00-9:30;Retorno;Realizada;80,7;1,59;150,00
184;11/06/2026;Sérgio Pimentel;Dr. André Tavares;11:30 - 12:00;retorno;Faltou;;;0,00
185;11/06/2026;Leonardo Batista;Dr. André Tavares;13h00 - 13h30;Retorno;Realizada;94,7;1,75;150,00
186;11/06/2026;Isabela Monteiro;Dra. Camila Nogueira;10:30 - 11:20;Avaliação esportiva;Realizada;55,4;1,63;300,00
187;15/06/2026;Vanessa Cordeiro;Dra. Luiza Martins;10:30-11:00;Retorno;Realizada;81,8;1,62;150,00
188;15/06/2026;LÍVIA CASTANHEIRA;Dra. Luiza Martins;14h00 - 14h50;Primeira consulta;Faltou;;;0,00
189;16/06/2026;Beatriz Lacerda;Dr. André Tavares;11:30 - 12:00;Retorno;Realizada;70,2;1,66;150,00
190;16/06/2026;Juliana Paiva;Dra. Luiza Martins;15:00 - 15:30;Retorno;Realizada;75,6;1,64;150,00
191;17/06/2026;Marcelo Tavares Lins;Dr. André Tavares;15h00 - 15h30;Retorno;Realizada;99,6;1,81;150,00
192;17/06/2026;Beatriz Lacerda;Dr. André Tavares;16h00 - 16h30;Retorno;Faltou;;;0,00
193;17/06/2026;Ricardo Pacheco;Dra. Camila Nogueira;10h30 - 11h00;Retorno;Realizada;88,1;1,79;150,00
194;17/06/2026;Letícia Barros;Dra. Luiza Martins;11:30 - 12:00;Retorno;Realizada;57,5;1,61;150,00
195;18/06/2026;Marcelo Tavares Lins;Dr. André Tavares;15:00 - 15:30;RETORNO;Realizada;99,0;1,81;150,00
196;18/06/2026;Aline Rocha Faria;Dra. Luiza Martins;16:00-16:30;Retorno;Realizada;66,9;1,70;150,00
197;19/06/2026;Fábio Lacerda;Dr. André Tavares;11:30 - 12:00;Retorno;Realizada;85,5;1,73;150,00
198;19/06/2026;Paulo Roberto Dias;Dr. André Tavares;14:00 - 14:30;Retorno;Realizada;92,0;1,72;150,00
199;19/06/2026;Vitor Hugo Salles;Dra. Camila Nogueira;11:30 - 12:00;retorno;Realizada;91,4;1,86;150,00
200;19/06/2026;Mônica Queiroz;Dra. Luiza Martins;10:30 - 11:00;Retorno;Faltou;;;0,00
201;19/06/2026;Mariana Figueiredo;Dra. Luiza Martins;14:00 - 14:30;RETORNO;Realizada;64,3;1,65;150,00
202;22/06/2026;Carolina Freitas;Dr. André Tavares;14:00 - 14:30;Retorno;Faltou;;;0,00
203;22/06/2026;Beatriz Lacerda;Dr. André Tavares;16:00 - 16:30;Retorno;Realizada;69,2;1,66;150,00
204;22/06/2026;Thiago Rezende;Dra. Camila Nogueira;09:00 - 09:30;Retorno;Realizada;81,0;1,77;150,00
205;22/06/2026;RAFAEL CUNHA;Dra. Camila Nogueira;15:00 - 15:30;Retorno;Realizada;88,0;1,84;150,00
206;23/06/2026;Otávio Brandão;Dr. André Tavares;13:00 - 13:30;Retorno;Realizada;96,3;1,78;150,00
207;23/06/2026;Roberto Carlos Silva;Dra. Luiza Martins;15:00 - 15:30;Retorno;Realizada;91,6;1,78;150,00
208;24/06/2026;  Fernanda Guedes ;Dr. André Tavares;16:00-16:30;Retorno;Faltou;;;0,00
209;24/06/2026;  Gabriel Antunes ;Dra. Camila Nogueira;15:00 - 15:50;Avaliação esportiva;Realizada;75,1;1,79;300,00
210;25/06/2026;Carolina Freitas;Dr. André Tavares;08:00 - 08:30;Retorno;Realizada;66,7;1,70;150,00
211;25/06/2026;Otávio Brandão;Dr. André Tavares;09:00 - 09:30;Retorno;Realizada;95,6;1,78;150,00
212;25/06/2026;Vitor Hugo Salles;Dra. Camila Nogueira;10:30-11:00;Retorno;Faltou;;;0,00
213;26/06/2026;Marcelo Tavares Lins;Dr. André Tavares;15:00 - 15:30;Retorno;Faltou;;;0,00
214;26/06/2026;paulo roberto dias;Dr. André Tavares;16h00 - 16h30;Retorno;Realizada;90,8;1,72;150,00
215;29/06/2026;Rafael Cunha;Dra. Camila Nogueira;11:30 - 12:00;Retorno;Realizada;88,2;1,84;150,00
216;29/06/2026;  Lívia Castanheira ;Dra. Luiza Martins;16:00 - 16:50;Primeira consulta;Realizada;62,7;1,55;250,00
217;30/06/2026;  Marcelo Tavares Lins ;Dr. André Tavares;10:30 - 11:00;Retorno;Realizada;98,2;1,81;150,00
218;30/06/2026;Ricardo Pacheco;Dra. Camila Nogueira;08:00 - 08:30;Retorno;Realizada;86,9;1,79;150,00
219;30/06/2026;Thiago Rezende;Dra. Camila Nogueira;16:00-16:30;Retorno;Realizada;79,8;1,77;150,00
220;30/06/2026;Sofia Rezende;Dra. Luiza Martins;08:00 - 08:30;Retorno;Realizada;54,5;1,58;150,00
221;30/06/2026;juliana paiva;Dra. Luiza Martins;09:00 - 09:30;Retorno;Realizada;75,5;1,64;150,00
