id_produto;nome_produto;categoria;marca;preco_custo;preco_venda;margem_percentual;ativo
1;Whey Protein 900g;Suplementos;NutriMax;78,0;129,9;39,95;True
2;Whey Protein Isolado 900g;Suplementos;NutriMax;125,0;199,9;37,47;True
3;Creatina 300g;Suplementos;PowerLab;45,0;79,9;43,68;True
4;bcaa 120 cápsulas;Suplementos;PowerLab;32,0;59,9;46,58;True
5;Pré-Treino 300g;Suplementos;PowerLab;55,0;99,9;44,94;True
6;Barra de Proteína;Suplementos;NutriMax;3,2;6,5;50,77;True
7;Glutamina 300g;Suplementos;PowerLab;38,0;69,9;45,64;True
8;Colágeno Hidrolisado 250g;Suplementos;VitaBem;29,0;54,9;47,18;True
9;Vitamina D 60 cápsulas;Vitaminas;VitaBem;14,0;32,0;56,25;True
10;Vitamina C 1g 30 comprimidos;Vitaminas;VitaBem;9,5;24,9;61,85;True
11;Multivitamínico 60 cápsulas;Vitaminas;VitaBem;21,0;45,0;53,33;True
12;Ômega 3 120 cápsulas;Vitaminas;OceanVit;18,5;38,5;51,95;True
13;Magnésio Dimalato 60 cápsulas;Vitaminas;OceanVit;16,0;35,9;55,43;True
14;Complexo B 60 cápsulas;Vitaminas;Sem marca;11,0;27,9;60,57;True
15;Pasta de Amendoim 1kg;Alimentos Saudáveis;Grão Bom;17,0;34,9;51,29;True
16;GRANOLA SEM AÇÚCAR 500G;Alimentos Saudáveis;Grão Bom;9,0;19,9;54,77;True
17;AVEIA EM FLOCOS 500G;Alimentos Saudáveis;Grão Bom;4,5;9,9;54,55;True
18;chia 200g;Alimentos Saudáveis;Sem marca;6,0;14,9;59,73;True
19;Mix de Castanhas 200g;Alimentos Saudáveis;Grão Bom;13,0;27,9;53,41;True
20;Óleo de Coco 200ml;Alimentos Saudáveis;VitaBem;10,5;22,9;54,15;True
21;Isotônico 500ml;Bebidas;HidraFit;2,8;6,9;59,42;True
22;Bebida Proteica 250ml;Bebidas;NutriMax;5,5;11,9;53,78;True
23;Chá Verde 20 sachês;Bebidas;Sem marca;5,0;12,9;61,24;False
24;Água de Coco 1L;Bebidas;HidraFit;6,2;13,9;55,4;True
25;Coqueteleira 600ml;Acessórios;PowerLab;8,0;24,9;67,87;True
26;Garrafa Térmica 1L;Acessórios;HidraFit;32,0;79,9;59,95;True
27;Balança Digital de Cozinha;Acessórios;CasaFit;28,0;64,9;56,86;True
28;MARMITA TÉRMICA;Acessórios;CasaFit;35,0;89,9;61,07;True
29;Porta Cápsulas;Acessórios;CasaFit;4,0;14,9;73,15;False
30;Squeeze 750ml;Acessórios;HidraFit;9,0;29,9;69,9;True
