id_pedido;data_pedido;id_produto;quantidade;vendedor
1;02/04/2026;P02;3;Paula
2;02/04/2026;P06;2;Ricardo
3;03/04/2026;P01;1;Sandra
4;03/04/2026;P08;1;Paula
5;04/04/2026;P05;2;Ricardo
6;06/04/2026;P03;1;Sandra
7;06/04/2026;P02;5;Paula
8;07/04/2026;P07;1;Ricardo
9;08/04/2026;P04;2;Sandra
10;09/04/2026;P06;4;Paula
11;10/04/2026;P09;1;Ricardo
12;13/04/2026;P01;2;Sandra
13;14/04/2026;P05;1;Paula
14;15/04/2026;P11;2;Ricardo
15;16/04/2026;P03;2;Sandra
16;17/04/2026;P08;2;Paula
17;20/04/2026;P02;1;Ricardo
18;21/04/2026;P07;1;Sandra
19;22/04/2026;P04;1;Paula
20;23/04/2026;P06;3;Ricardo
21;24/04/2026;P05;1;Sandra
22;27/04/2026;P09;2;Paula
23;28/04/2026;P01;1;Ricardo
24;29/04/2026;P03;3;Sandra
25;30/04/2026;P08;1;Ricardo
26;04/05/2026;P02;2;Sandra
27;05/05/2026;P06;1;Paula
28;06/05/2026;P07;2;Ricardo
29;07/05/2026;P04;1;Sandra
30;08/05/2026;P05;1;Paula
