id_produto;nome_produto;categoria;marca;preco_custo;preco_venda;ativo
1;Whey Protein 900g;Suplementos;NutriMax;78,00;129,90;S
2;Whey Protein Isolado 900g;Suplementos;NutriMax;125,00;199,90;S
3;Creatina 300g;Suplementos;PowerLab;45,00;79,90;S
4;bcaa 120 cápsulas;Suplementos;PowerLab;32,00;59,90;S
5;Pré-Treino 300g;Suplementos  ;PowerLab;55,00;99,90;S
6;Barra de Proteína;Suplementos;NutriMax;3,20;6,50;S
7;  Glutamina 300g;Suplementos;PowerLab;38,00;69,90;S
8;Colágeno Hidrolisado 250g;Suplementos;VitaBem;29,00;54,90;S
9;  Vitamina D 60 cápsulas;Vitaminas;VitaBem;14,00;32,00;S
10;Vitamina C 1g 30 comprimidos;VITAMINAS;VitaBem;9,50;24,90;S
11;Multivitamínico 60 cápsulas;Vitaminas;VitaBem;21,00;45,00;S
12;Ômega 3 120 cápsulas;Vitaminas;OceanVit;18,50;38,50;S
13;Magnésio Dimalato 60 cápsulas  ;Vitaminas;OceanVit;16,00;35,90;S
14;Complexo B 60 cápsulas;Vitaminas;;11,00;27,90;S
15;Pasta de Amendoim 1kg;Alimentos Saudáveis;Grão Bom;17,00;34,90;S
16; GRANOLA SEM AÇÚCAR 500G ;  Alimentos Saudáveis;Grão Bom;9,00;19,90;S
17; AVEIA EM FLOCOS 500G ;Alimentos Saudáveis;Grão Bom;4,50;9,90;S
18;chia 200g;Alimentos Saudáveis;;6,00;14,90;S
19;Mix de Castanhas 200g;Alimentos Saudáveis;Grão Bom;13,00;27,90;S
20;Óleo de Coco 200ml;Alimentos Saudáveis;VitaBem;10,50;22,90;S
21;Isotônico 500ml;Bebidas;HidraFit;2,80;6,90;S
22;Bebida Proteica 250ml;Bebidas;NutriMax;5,50;11,90;S
23;Chá Verde 20 sachês;Bebidas;;5,00;12,90;N
24;Água de Coco 1L;Bebidas;HidraFit;6,20;13,90;S
25;Coqueteleira 600ml  ;Acessórios;PowerLab;8,00;24,90;S
26;Garrafa Térmica 1L;Acessórios;HidraFit;32,00;79,90;S
27;Balança Digital de Cozinha; ACESSÓRIOS ;CasaFit;28,00;64,90;S
28; MARMITA TÉRMICA ;Acessórios;CasaFit;35,00;89,90;S
29;Porta Cápsulas;Acessórios;CasaFit;4,00;14,90;N
30;Squeeze 750ml  ;Acessórios;HidraFit;9,00;29,90;S
